{
"Apps": [
{
"Name": "counter",
"IDE": true,
"Cam_x": 27.577157974243164,
"Cam_y": -11.312823295593262,
"Cam_z": 0.8,
"EnableExecution": true
},
{
"Name": "summary",
"IDE": true,
"Cam_x": 30.614154815673828,
"Cam_y": 1.584782361984253,
"Cam_z": 1,
"EnableExecution": true
},
{
"Name": "srt",
"IDE": true,
"Cam_x": 4.525443077087402,
"Cam_y": 2.535001039505005,
"Cam_z": 1.1,
"EnableExecution": true
},
{
"Name": "chat",
"IDE": true,
"Cam_x": 17.212465286254883,
"Cam_y": 9.087010383605957,
"Cam_z": 0.8,
"EnableExecution": true
}
],
"Selected": 3,
"NewAppName": ""
}